{
  "project_info": {
    "project_number": "774976623228",
    "project_id": "stock3x",
    "storage_bucket": "stock3x.appspot.com"
  },
  "client": [
    {
      "client_info": {
        "mobilesdk_app_id": "1:774976623228:android:ea4dbb3152465f48146ff9",
        "android_client_info": {
          "package_name": "com.example.stock3x"
        }
      },
      "oauth_client": [
        {
          "client_id": "774976623228-4qmr5h8io93ig5ci1hori0b8kmfln7vq.apps.googleusercontent.com",
          "client_type": 3
        }
      ],
      "api_key": [
        {
          "current_key": "AIzaSyAyKbFl_YhtuK4WC2wGcKplv7v_LNp5rmc"
        }
      ],
      "services": {
        "appinvite_service": {
          "other_platform_oauth_client": [
            {
              "client_id": "774976623228-4qmr5h8io93ig5ci1hori0b8kmfln7vq.apps.googleusercontent.com",
              "client_type": 3
            }
          ]
        }
      }
    }
  ],
  "configuration_version": "1"
}